4590,000197,2023/10/28 08:03:14,1, 1.01,OK,OK, 1.05,OK,OK,34.83, 0.03,,, 6.05, 0.33,OK,OK,OK,OK,OK,,,,,,,,,01,
4590,000198,2023/10/28 08:03:48,1, 1.03,OK,OK, 1.04,OK,OK,34.84, 0.00,,, 6.00, 0.35,OK,OK,OK,OK,OK,,,,,,,,,02,
4590,000199,2023/10/28 08:04:46,1, 0.98,OK,OK, 1.03,OK,OK,34.74, 0.00,,, 6.00, 0.32,OK,OK,OK,OK,OK,,,,,,,,,01,
4590,000200,2023/10/28 08:05:17,1, 1.00,OK,OK, 1.03,OK,OK,34.84, 0.03,,, 6.07, 0.35,OK,OK,OK,OK,OK,,,,,,,,,02,
4590,000201,2023/10/28 08:05:56,1, 1.04,OK,OK, 1.11,OK,OK,34.77, 0.00,,, 6.03, 0.32,OK,OK,OK,OK,OK,,,,,,,,,01,
4590,000202,2023/10/28 08:06:29,1, 0.97,OK,OK, 0.97,OK,OK,34.84, 0.00,,, 6.01, 0.32,OK,OK,OK,OK,OK,,,,,,,,,02,
4590,000203,2023/10/28 08:06:49,1, 0.99,OK,OK, 1.05,OK,OK,34.92, 0.02,,, 6.01, 0.32,OK,OK,OK,OK,OK,,,,,,,,,01,
4590,000204,2023/10/28 08:07:24,1, 0.96,OK,OK, 0.99,OK,OK,34.87, 0.00,,, 6.02, 0.32,OK,OK,OK,OK,OK,,,,,,,,,02,
4590,000205,2023/10/28 08:07:45,1, 0.98,OK,OK, 1.05,OK,OK,34.80, 0.00,,, 6.07, 0.30,OK,OK,OK,OK,OK,,,,,,,,,01,
4590,000206,2023/10/28 08:08:09,1, 1.02,OK,OK, 1.06,OK,OK,34.75, 0.00,,, 6.01, 0.38,OK,OK,OK,OK,OK,,,,,,,,,02,
4590,000207,2023/10/28 08:08:45,1, 0.96,OK,OK, 1.00,OK,OK,34.92, 0.03,,, 6.04, 0.33,OK,OK,OK,OK,OK,,,,,,,,,01,
4590,000208,2023/10/28 08:09:05,1, 0.98,OK,OK, 1.00,OK,OK,34.84, 0.02,,, 6.01, 0.35,OK,OK,OK,OK,OK,,,,,,,,,02,
4590,000209,2023/10/28 08:09:29,1, 1.00,OK,OK, 0.96,OK,OK,34.89, 0.03,,, 6.01, 0.30,OK,OK,OK,OK,OK,,,,,,,,,01,
4590,000210,2023/10/28 08:09:53,1, 1.01,OK,OK, 1.05,OK,OK,34.99, 0.02,,, 6.00, 0.32,OK,OK,OK,OK,OK,,,,,,,,,02,
4590,000211,2023/10/28 08:10:28,1, 0.96,OK,OK, 1.04,OK,OK,34.80, 0.00,,, 6.03, 0.32,OK,OK,OK,OK,OK,,,,,,,,,01,
4590,000212,2023/10/28 08:10:49,1, 0.98,OK,OK, 1.03,OK,OK,34.75, 0.02,,, 6.03, 0.35,OK,OK,OK,OK,OK,,,,,,,,,02,
4590,000213,2023/10/28 08:11:13,1, 1.04,OK,OK, 1.05,OK,OK,34.86, 0.00,,, 6.02, 0.35,OK,OK,OK,OK,OK,,,,,,,,,01,
4590,000214,2023/10/28 08:11:36,1, 1.00,OK,OK, 1.05,OK,OK,34.78, 0.00,,, 6.01, 0.35,OK,OK,OK,OK,OK,,,,,,,,,02,
4590,000215,2023/10/28 08:11:59,1, 0.98,OK,OK, 1.06,OK,OK,34.92, 0.02,,, 6.01, 0.35,OK,OK,OK,OK,OK,,,,,,,,,01,
4590,000216,2023/10/28 08:12:35,1, 1.03,OK,OK, 1.08,OK,OK,34.78, 0.02,,, 6.01, 0.35,OK,OK,OK,OK,OK,,,,,,,,,02,
4590,000217,2023/10/28 08:13:12,1, 0.91,OK,OK, 0.96,OK,OK,34.86, 0.00,,, 6.01, 0.35,OK,OK,OK,OK,OK,,,,,,,,,01,
4590,000218,2023/10/28 08:13:49,1, 1.00,OK,OK, 1.05,OK,OK,34.93, 0.03,,, 6.02, 0.35,OK,OK,OK,OK,OK,,,,,,,,,02,
4590,000219,2023/10/28 08:14:25,1, 0.99,OK,OK, 0.98,OK,OK,34.89, 0.00,,, 6.02, 0.32,OK,OK,OK,OK,OK,,,,,,,,,01,
4590,000220,2023/10/28 08:14:55,1, 0.98,OK,OK, 0.98,OK,OK,34.84, 0.00,,, 6.03, 0.32,OK,OK,OK,OK,OK,,,,,,,,,02,
4590,000221,2023/10/28 08:15:27,1, 1.01,OK,OK, 1.05,OK,OK,34.86, 0.00,,, 6.02, 0.32,OK,OK,OK,OK,OK,,,,,,,,,01,
4590,000222,2023/10/28 08:15:59,1, 1.00,OK,OK, 1.04,OK,OK,34.75, 0.02,,, 6.01, 0.32,OK,OK,OK,OK,OK,,,,,,,,,02,
4590,000223,2023/10/28 08:16:20,1, 0.98,OK,OK, 1.04,OK,OK,34.86, 0.00,,, 6.02, 0.35,OK,OK,OK,OK,OK,,,,,,,,,01,
4590,000224,2023/10/28 08:16:44,1, 1.01,OK,OK, 1.04,OK,OK,34.96, 0.03,,, 6.01, 0.33,OK,OK,OK,OK,OK,,,,,,,,,02,
4590,000225,2023/10/28 08:17:27,1, 1.01,OK,OK, 1.04,OK,OK,34.83, 0.00,,, 6.03, 0.35,OK,OK,OK,OK,OK,,,,,,,,,01,
4590,000226,2023/10/28 08:17:57,1, 0.96,OK,OK, 1.01,OK,OK,34.93, 0.02,,, 6.01, 0.35,OK,OK,OK,OK,OK,,,,,,,,,02,
4590,000227,2023/10/28 08:18:30,1, 0.98,OK,OK, 1.11,OK,OK,34.74, 0.02,,, 6.01, 0.30,OK,OK,OK,OK,OK,,,,,,,,,01,
4590,000228,2023/10/28 08:19:02,1, 0.98,OK,OK, 0.98,OK,OK,34.78, 0.00,,, 6.03, 0.35,OK,OK,OK,OK,OK,,,,,,,,,02,
4590,000229,2023/10/28 08:19:23,1, 0.96,OK,OK, 0.98,OK,OK,34.83, 0.00,,, 6.03, 0.32,OK,OK,OK,OK,OK,,,,,,,,,01,
4590,000230,2023/10/28 08:19:46,1, 1.03,OK,OK, 1.03,OK,OK,34.84, 0.00,,, 6.03, 0.35,OK,OK,OK,OK,OK,,,,,,,,,02,
4590,000231,2023/10/28 08:20:10,1, 1.01,OK,OK, 1.09,OK,OK,34.80, 0.02,,, 6.01, 0.32,OK,OK,OK,OK,OK,,,,,,,,,01,
4590,000232,2023/10/28 08:20:34,1, 0.96,OK,OK, 1.00,OK,OK,34.93, 0.02,,, 6.02, 0.32,OK,OK,OK,OK,OK,,,,,,,,,02,
4590,000233,2023/10/28 08:20:58,1, 1.00,OK,OK, 1.06,OK,OK,34.83, 0.02,,, 6.03, 0.32,OK,OK,OK,OK,OK,,,,,,,,,01,
4590,000234,2023/10/28 08:21:21,1, 1.03,OK,OK, 1.07,OK,OK,34.81, 0.00,,, 6.01, 0.35,OK,OK,OK,OK,OK,,,,,,,,,02,
4590,000235,2023/10/28 08:21:45,1, 0.96,OK,OK, 1.02,OK,OK,34.89, 0.03,,, 6.01, 0.35,OK,OK,OK,OK,OK,,,,,,,,,01,
4590,000236,2023/10/28 08:22:21,1, 1.02,OK,OK, 1.02,OK,OK,34.84, 0.00,,, 6.01, 0.30,OK,OK,OK,OK,OK,,,,,,,,,02,
4590,000237,2023/10/28 08:22:41,1, 1.01,OK,OK, 1.03,OK,OK,34.83, 0.00,,, 6.01, 0.32,OK,OK,OK,OK,OK,,,,,,,,,01,
4590,000238,2023/10/28 08:23:05,1, 0.97,OK,OK, 1.02,OK,OK,34.90, 0.03,,, 6.03, 0.30,OK,OK,OK,OK,OK,,,,,,,,,02,
4590,000239,2023/10/28 08:23:29,1, 1.04,OK,OK, 1.03,OK,OK,34.83, 0.03,,, 6.00, 0.35,OK,OK,OK,OK,OK,,,,,,,,,01,
4590,000240,2023/10/28 08:23:52,1, 1.01,OK,OK, 1.00,OK,OK,34.93, 0.00,,, 6.00, 0.32,OK,OK,OK,OK,OK,,,,,,,,,02,
4590,000241,2023/10/28 08:24:16,1, 1.03,OK,OK, 1.05,OK,OK,34.92, 0.02,,, 6.01, 0.35,OK,OK,OK,OK,OK,,,,,,,,,01,
4590,000242,2023/10/28 08:24:40,1, 1.01,OK,OK, 1.06,OK,OK,34.81, 0.03,,, 6.04, 0.33,OK,OK,OK,OK,OK,,,,,,,,,02,
4590,000243,2023/10/28 08:25:04,1, 1.00,OK,OK, 0.99,OK,OK,34.77, 0.03,,, 6.03, 0.33,OK,OK,OK,OK,OK,,,,,,,,,01,
4590,000244,2023/10/28 08:25:28,1, 1.05,OK,OK, 1.14,OK,OK,34.81, 0.02,,, 6.02, 0.32,OK,OK,OK,OK,OK,,,,,,,,,02,
4590,000245,2023/10/28 08:25:51,1, 0.99,OK,OK, 1.06,OK,OK,34.80, 0.00,,, 6.03, 0.32,OK,OK,OK,OK,OK,,,,,,,,,01,
4590,000246,2023/10/28 08:26:15,1, 0.99,OK,OK, 0.93,OK,OK,34.90, 0.00,,, 6.01, 0.32,OK,OK,OK,OK,OK,,,,,,,,,02,
4590,000247,2023/10/28 08:26:39,1, 1.02,OK,OK, 1.06,OK,OK,34.77, 0.00,,, 6.01, 0.35,OK,OK,OK,OK,OK,,,,,,,,,01,
4590,000248,2023/10/28 08:29:19,1, 1.05,OK,OK, 1.10,OK,OK,34.84, 0.00,,, 6.09, 0.35,OK,OK,OK,OK,OK,,,,,,,,,02,
4590,000249,2023/10/28 08:29:42,1, 1.06,OK,OK, 1.09,OK,OK,34.80, 0.00,,, 6.02, 0.35,OK,OK,OK,OK,OK,,,,,,,,,01,
4590,000250,2023/10/28 08:30:11,1, 1.06,OK,OK, 1.06,OK,OK,34.99, 0.02,,, 6.03, 0.32,OK,OK,OK,OK,OK,,,,,,,,,02,
4590,000251,2023/10/28 08:30:35,1, 1.20,OK,OK, 1.16,OK,OK,34.92, 0.03,,, 6.03, 0.32,OK,OK,OK,OK,OK,,,,,,,,,01,
4590,000252,2023/10/28 08:30:59,1, 1.04,OK,OK, 1.06,OK,OK,34.90, 0.02,,, 6.02, 0.35,OK,OK,OK,OK,OK,,,,,,,,,02,
4590,000253,2023/10/28 08:31:28,1, 1.07,OK,OK, 1.10,OK,OK,34.95, 0.03,,, 6.02, 0.32,OK,OK,OK,OK,OK,,,,,,,,,01,
4590,000254,2023/10/28 08:31:52,1, 1.03,OK,OK, 1.05,OK,OK,34.87, 0.03,,, 6.02, 0.35,OK,OK,OK,OK,OK,,,,,,,,,02,
4590,000255,2023/10/28 08:32:15,1, 1.03,OK,OK, 1.12,OK,OK,34.89, 0.03,,, 6.02, 0.32,OK,OK,OK,OK,OK,,,,,,,,,01,
4590,000256,2023/10/28 08:32:39,1, 1.03,OK,OK, 1.06,OK,OK,34.81, 0.03,,, 6.01, 0.35,OK,OK,OK,OK,OK,,,,,,,,,02,
4590,000257,2023/10/28 08:33:03,1, 1.03,OK,OK, 1.05,OK,OK,34.86, 0.00,,, 6.02, 0.32,OK,OK,OK,OK,OK,,,,,,,,,01,
4590,000258,2023/10/28 08:33:37,1, 1.04,OK,OK, 1.10,OK,OK,34.87, 0.02,,, 6.00, 0.32,OK,OK,OK,OK,OK,,,,,,,,,02,
4590,000259,2023/10/28 08:34:00,1, 1.02,OK,OK, 1.17,OK,OK,34.86, 0.02,,, 6.03, 0.32,OK,OK,OK,OK,OK,,,,,,,,,01,
4590,000260,2023/10/28 08:34:24,1, 1.03,OK,OK, 1.10,OK,OK,34.87, 0.02,,, 6.02, 0.32,OK,OK,OK,OK,OK,,,,,,,,,02,
4590,000261,2023/10/28 08:34:48,1, 1.06,OK,OK, 1.12,OK,OK,34.95, 0.02,,, 6.02, 0.32,OK,OK,OK,OK,OK,,,,,,,,,01,
4590,000262,2023/10/28 08:35:11,1, 1.09,OK,OK, 1.09,OK,OK,34.81, 0.00,,, 6.07, 0.32,OK,OK,OK,OK,OK,,,,,,,,,02,
4590,000263,2023/10/28 08:35:35,1, 1.01,OK,OK, 1.11,OK,OK,34.86, 0.03,,, 6.01, 0.32,OK,OK,OK,OK,OK,,,,,,,,,01,
4590,000264,2023/10/28 08:35:59,1, 1.06,OK,OK, 1.09,OK,OK,34.81, 0.05,,, 6.01, 0.32,OK,OK,OK,OK,OK,,,,,,,,,02,
4590,000265,2023/10/28 08:36:24,1, 1.06,OK,OK, 1.09,OK,OK,34.98, 0.03,,, 6.03, 0.32,OK,OK,OK,OK,OK,,,,,,,,,01,
4590,000266,2023/10/28 08:37:02,1, 1.05,OK,OK, 1.03,OK,OK,34.87, 0.02,,, 6.00, 0.32,OK,OK,OK,OK,OK,,,,,,,,,02,
4590,000267,2023/10/28 08:37:25,1, 1.04,OK,OK, 1.12,OK,OK,34.77, 0.02,,, 6.03, 0.32,OK,OK,OK,OK,OK,,,,,,,,,01,
4590,000268,2023/10/28 08:38:00,1, 1.03,OK,OK, 1.17,OK,OK,34.93, 0.03,,, 6.01, 0.32,OK,OK,OK,OK,OK,,,,,,,,,02,
4590,000269,2023/10/28 08:38:29,1, 1.00,OK,OK, 1.03,OK,OK,34.98, 0.02,,, 6.00, 0.35,OK,OK,OK,OK,OK,,,,,,,,,01,
4590,000270,2023/10/28 08:39:01,1, 1.03,OK,OK, 1.09,OK,OK,34.87, 0.03,,, 6.02, 0.30,OK,OK,OK,OK,OK,,,,,,,,,02,
4590,000271,2023/10/28 08:39:25,1, 1.06,OK,OK, 1.18,OK,OK,34.92, 0.02,,, 6.03, 0.35,OK,OK,OK,OK,OK,,,,,,,,,01,
4590,000272,2023/10/28 08:39:49,1, 1.03,OK,OK, 1.08,OK,OK,34.93, 0.03,,, 6.02, 0.35,OK,OK,OK,OK,OK,,,,,,,,,02,
4590,000273,2023/10/28 08:40:12,1, 1.02,OK,OK, 1.05,OK,OK,35.04, 0.02,,, 6.02, 0.35,OK,OK,OK,OK,OK,,,,,,,,,01,
4590,000274,2023/10/28 08:40:36,1, 1.06,OK,OK, 1.04,OK,OK,34.90, 0.03,,, 6.02, 0.35,OK,OK,OK,OK,OK,,,,,,,,,02,
4590,000275,2023/10/28 08:40:59,1, 1.06,OK,OK, 1.10,OK,OK,34.86, 0.02,,, 6.02, 0.32,OK,OK,OK,OK,OK,,,,,,,,,01,
4590,000276,2023/10/28 08:41:23,1, 1.02,OK,OK, 1.05,OK,OK,34.81, 0.03,,, 6.02, 0.33,OK,OK,OK,OK,OK,,,,,,,,,02,
4590,000277,2023/10/28 08:41:46,1, 1.01,OK,OK, 1.09,OK,OK,34.92, 0.00,,, 6.11, 0.32,OK,OK,OK,OK,OK,,,,,,,,,01,
4590,000278,2023/10/28 08:42:10,1, 1.00,OK,OK, 1.02,OK,OK,34.93, 0.02,,, 6.00, 0.35,OK,OK,OK,OK,OK,,,,,,,,,02,
4590,000279,2023/10/28 08:42:51,1, 1.04,OK,OK, 1.09,OK,OK,34.89, 0.03,,, 6.08, 0.32,OK,OK,OK,OK,OK,,,,,,,,,01,
4590,000280,2023/10/28 08:43:15,1, 1.07,OK,OK, 1.10,OK,OK,34.87, 0.03,,, 6.08, 0.32,OK,OK,OK,OK,OK,,,,,,,,,02,
4590,000281,2023/10/28 08:44:31,1, 0.99,OK,OK, 1.04,OK,OK,34.86, 0.00,,, 6.07, 0.32,OK,OK,OK,OK,OK,,,,,,,,,01,
4590,000282,2023/10/28 08:45:01,1, 1.05,OK,OK, 1.10,OK,OK,34.81, 0.00,,, 6.03, 0.35,OK,OK,OK,OK,OK,,,,,,,,,02,
4590,000283,2023/10/28 08:45:34,1, 1.11,OK,OK, 1.22,OK,OK,34.80, 0.02,,, 6.01, 0.30,OK,OK,OK,OK,OK,,,,,,,,,01,
4590,000284,2023/10/28 08:46:06,1, 1.01,OK,OK, 1.05,OK,OK,34.87, 0.02,,, 6.01, 0.35,OK,OK,OK,OK,OK,,,,,,,,,02,
4590,000285,2023/10/28 08:46:27,1, 0.98,OK,OK, 1.06,OK,OK,34.89, 0.02,,, 6.01, 0.32,OK,OK,OK,OK,OK,,,,,,,,,01,
4590,000286,2023/10/28 08:46:51,1, 1.01,OK,OK, 1.03,OK,OK,34.84, 0.03,,, 6.01, 0.30,OK,OK,OK,OK,OK,,,,,,,,,02,
4590,000287,2023/10/28 08:47:14,1, 1.03,OK,OK, 1.10,OK,OK,34.83, 0.03,,, 6.03, 0.32,OK,OK,OK,OK,OK,,,,,,,,,01,
4590,000288,2023/10/28 08:47:38,1, 1.01,OK,OK, 1.03,OK,OK,34.75, 0.02,,, 6.12, 0.32,OK,OK,OK,OK,OK,,,,,,,,,02,
4590,000289,2023/10/28 08:48:02,1, 1.00,OK,OK, 1.04,OK,OK,34.80, 0.00,,, 6.02, 0.32,OK,OK,OK,OK,OK,,,,,,,,,01,
4590,000290,2023/10/28 08:48:25,1, 1.05,OK,OK, 0.99,OK,OK,34.90, 0.03,,, 6.02, 0.32,OK,OK,OK,OK,OK,,,,,,,,,02,
4590,000291,2023/10/28 08:48:49,1, 1.02,OK,OK, 0.98,OK,OK,34.86, 0.00,,, 6.02, 0.32,OK,OK,OK,OK,OK,,,,,,,,,01,
4590,000292,2023/10/28 08:49:19,1, 0.99,OK,OK, 1.05,OK,OK,34.78, 0.03,,, 6.02, 0.33,OK,OK,OK,OK,OK,,,,,,,,,02,
4590,000293,2023/10/28 08:50:08,1, 0.97,OK,OK, 1.04,OK,OK,34.95, 0.00,,, 6.03, 0.33,OK,OK,OK,OK,OK,,,,,,,,,01,
4590,000294,2023/10/28 08:50:31,1, 0.99,OK,OK, 0.99,OK,OK,34.75, 0.00,,, 6.09, 0.32,OK,OK,OK,OK,OK,,,,,,,,,02,
4590,000295,2023/10/28 08:50:55,1, 0.97,OK,OK, 1.09,OK,OK,34.98, 0.03,,, 6.09, 0.33,OK,OK,OK,OK,OK,,,,,,,,,01,
4590,000296,2023/10/28 08:51:19,1, 1.03,OK,OK, 1.16,OK,OK,34.84, 0.03,,, 6.01, 0.33,OK,OK,OK,OK,OK,,,,,,,,,02,
4590,000297,2023/10/28 08:51:42,1, 1.04,OK,OK, 1.11,OK,OK,34.92, 0.03,,, 6.02, 0.30,OK,OK,OK,OK,OK,,,,,,,,,01,
4590,000298,2023/10/28 08:52:06,1, 1.06,OK,OK, 1.12,OK,OK,34.81, 0.05,,, 6.03, 0.33,OK,OK,OK,OK,OK,,,,,,,,,02,
4590,000299,2023/10/28 08:52:37,1, 0.97,OK,OK, 1.04,OK,OK,34.89, 0.03,,, 6.05, 0.32,OK,OK,OK,OK,OK,,,,,,,,,01,
4590,000300,2023/10/28 08:53:11,1, 1.04,OK,OK, 1.10,OK,OK,34.84, 0.00,,, 6.05, 0.32,OK,OK,OK,OK,OK,,,,,,,,,02,
4590,000301,2023/10/28 08:53:45,1, 0.96,OK,OK, 1.05,OK,OK,34.89, 0.02,,, 6.09, 0.32,OK,OK,OK,OK,OK,,,,,,,,,01,
4590,000302,2023/10/28 08:54:09,1, 0.98,OK,OK, 1.04,OK,OK,34.90, 0.03,,, 6.03, 0.33,OK,OK,OK,OK,OK,,,,,,,,,02,
4590,000303,2023/10/28 08:54:32,1, 1.01,OK,OK, 1.15,OK,OK,34.86, 0.02,,, 6.09, 0.32,OK,OK,OK,OK,OK,,,,,,,,,01,
4590,000304,2023/10/28 08:54:56,1, 1.02,OK,OK, 1.11,OK,OK,34.90, 0.02,,, 6.02, 0.32,OK,OK,OK,OK,OK,,,,,,,,,02,
4590,000305,2023/10/28 08:55:20,1, 1.11,OK,OK, 1.10,OK,OK,34.83, 0.00,,, 6.02, 0.32,OK,OK,OK,OK,OK,,,,,,,,,01,
4590,000306,2023/10/28 08:56:04,1, 0.96,OK,OK, 1.05,OK,OK,34.78, 0.00,,, 6.01, 0.35,OK,OK,OK,OK,OK,,,,,,,,,02,
4590,000307,2023/10/28 08:56:49,1, 1.00,OK,OK, 1.10,OK,OK,34.77, 0.02,,, 6.02, 0.30,OK,OK,OK,OK,OK,,,,,,,,,01,
4590,000308,2023/10/28 08:57:19,1, 1.04,OK,OK, 1.13,OK,OK,34.84, 0.03,,, 6.02, 0.32,OK,OK,OK,OK,OK,,,,,,,,,02,
4590,000309,2023/10/28 08:57:49,1, 1.08,OK,OK, 1.24,OK,OK,34.86, 0.00,,, 6.01, 0.32,OK,OK,OK,OK,OK,,,,,,,,,01,
4590,000310,2023/10/28 08:58:09,1, 1.00,OK,OK, 1.06,OK,OK,34.81, 0.02,,, 6.03, 0.32,OK,OK,OK,OK,OK,,,,,,,,,02,
4590,000311,2023/10/28 08:58:33,1, 1.04,OK,OK, 1.08,OK,OK,34.83, 0.00,,, 6.01, 0.30,OK,OK,OK,OK,OK,,,,,,,,,01,
4590,000312,2023/10/28 08:58:57,1, 1.04,OK,OK, 1.21,OK,OK,34.81, 0.02,,, 6.00, 0.32,OK,OK,OK,OK,OK,,,,,,,,,02,
4590,000313,2023/10/28 08:59:20,1, 1.01,OK,OK, 0.99,OK,OK,34.92, 0.00,,, 6.00, 0.30,OK,OK,OK,OK,OK,,,,,,,,,01,
4590,000314,2023/10/28 09:00:19,1, 1.07,OK,OK, 1.14,OK,OK,34.75, 0.00,,, 6.01, 0.32,OK,OK,OK,OK,OK,,,,,,,,,02,
4590,000315,2023/10/28 09:00:49,1, 1.03,OK,OK, 1.14,OK,OK,34.86, 0.02,,, 6.01, 0.32,OK,OK,OK,OK,OK,,,,,,,,,01,
4590,000316,2023/10/28 09:01:21,1, 1.01,OK,OK, 1.04,OK,OK,34.87, 0.00,,, 6.01, 0.32,OK,OK,OK,OK,OK,,,,,,,,,02,
4590,000317,2023/10/28 09:01:51,1, 1.01,OK,OK, 1.05,OK,OK,34.89, 0.03,,, 6.00, 0.35,OK,OK,OK,OK,OK,,,,,,,,,01,
4590,000318,2023/10/28 09:02:24,1, 1.04,OK,OK, 1.10,OK,OK,34.84, 0.03,,, 6.00, 0.35,OK,OK,OK,OK,OK,,,,,,,,,02,
4590,000319,2023/10/28 09:03:25,1, 1.02,OK,OK, 1.10,OK,OK,34.80, 0.00,,, 6.01, 0.32,OK,OK,OK,OK,OK,,,,,,,,,01,
4590,000320,2023/10/28 09:03:55,1, 1.03,OK,OK, 1.10,OK,OK,34.90, 0.03,,, 6.05, 0.38,OK,OK,OK,OK,OK,,,,,,,,,02,
4590,000321,2023/10/28 09:04:27,1, 1.03,OK,OK, 1.17,OK,OK,34.89, 0.02,,, 6.12, 0.33,OK,OK,OK,OK,OK,,,,,,,,,01,
4590,000322,2023/10/28 09:04:48,1, 1.05,OK,OK, 1.18,OK,OK,34.87, 0.00,,, 6.05, 0.35,OK,OK,OK,OK,OK,,,,,,,,,02,
4590,000323,2023/10/28 09:05:24,1, 1.08,OK,OK, 1.24,OK,OK,34.80, 0.03,,, 6.02, 0.33,OK,OK,OK,OK,OK,,,,,,,,,01,
4590,000324,2023/10/28 09:05:56,1, 1.03,OK,OK, 1.09,OK,OK,34.84, 0.03,,, 6.01, 0.35,OK,OK,OK,OK,OK,,,,,,,,,02,
4590,000325,2023/10/28 09:06:16,1, 1.06,OK,OK, 1.20,OK,OK,34.74, 0.02,,, 6.05, 0.30,OK,OK,OK,OK,OK,,,,,,,,,01,
4590,000326,2023/10/28 09:06:40,1, 1.03,OK,OK, 1.06,OK,OK,34.93, 0.02,,, 6.03, 0.35,OK,OK,OK,OK,OK,,,,,,,,,02,
4590,000327,2023/10/28 09:07:18,1, 1.04,OK,OK, 1.17,OK,OK,34.95, 0.02,,, 6.03, 0.32,OK,OK,OK,OK,OK,,,,,,,,,01,
4590,000328,2023/10/28 09:07:38,1, 1.02,OK,OK, 1.09,OK,OK,34.90, 0.02,,, 6.02, 0.32,OK,OK,OK,OK,OK,,,,,,,,,02,
4590,000329,2023/10/28 09:08:14,1, 1.03,OK,OK, 1.16,OK,OK,34.92, 0.02,,, 6.07, 0.35,OK,OK,OK,OK,OK,,,,,,,,,01,
4590,000330,2023/10/28 09:08:47,1, 1.04,OK,OK, 1.10,OK,OK,34.81, 0.00,,, 6.04, 0.32,OK,OK,OK,OK,OK,,,,,,,,,02,
4590,000331,2023/10/28 09:09:07,1, 0.98,OK,OK, 1.03,OK,OK,34.92, 0.00,,, 6.02, 0.35,OK,OK,OK,OK,OK,,,,,,,,,01,
4590,000332,2023/10/28 09:09:43,1, 1.10,OK,OK, 1.19,OK,OK,34.69, 0.00,,, 6.01, 0.35,OK,OK,OK,OK,OK,,,,,,,,,02,
4590,000333,2023/10/28 09:10:16,1, 1.03,OK,OK, 1.17,OK,OK,34.83, 0.02,,, 6.08, 0.35,OK,OK,OK,OK,OK,,,,,,,,,01,
4590,000334,2023/10/28 09:10:48,1, 1.00,OK,OK, 1.08,OK,OK,34.96, 0.02,,, 6.02, 0.32,OK,OK,OK,OK,OK,,,,,,,,,02,
4590,000335,2023/10/28 09:11:18,1, 1.03,OK,OK, 1.14,OK,OK,34.83, 0.03,,, 6.03, 0.35,OK,OK,OK,OK,OK,,,,,,,,,01,
4590,000336,2023/10/28 09:11:49,1, 1.07,OK,OK, 1.10,OK,OK,34.78, 0.02,,, 6.01, 0.35,OK,OK,OK,OK,OK,,,,,,,,,02,
4590,000337,2023/10/28 09:12:25,1, 1.05,OK,OK, 1.15,OK,OK,34.77, 0.00,,, 6.03, 0.32,OK,OK,OK,OK,OK,,,,,,,,,01,
4590,000338,2023/10/28 09:13:00,1, 0.96,OK,OK, 1.05,OK,OK,34.87, 0.00,,, 6.03, 0.32,OK,OK,OK,OK,OK,,,,,,,,,02,
4590,000339,2023/10/28 09:13:32,1, 1.06,OK,OK, 1.13,OK,OK,34.71, 0.00,,, 6.01, 0.32,OK,OK,OK,OK,OK,,,,,,,,,01,
4590,000340,2023/10/28 09:14:04,1, 1.08,OK,OK, 1.13,OK,OK,34.75, 0.00,,, 6.01, 0.32,OK,OK,OK,OK,OK,,,,,,,,,02,
4590,000341,2023/10/28 09:14:34,1, 1.04,OK,OK, 1.12,OK,OK,34.77, 0.02,,, 6.04, 0.30,OK,OK,OK,OK,OK,,,,,,,,,01,
4590,000342,2023/10/28 09:14:55,1, 1.00,OK,OK, 1.12,OK,OK,34.75, 0.00,,, 6.01, 0.33,OK,OK,OK,OK,OK,,,,,,,,,02,
4590,000343,2023/10/28 09:15:19,1, 0.99,OK,OK, 1.04,OK,OK,34.89, 0.02,,, 6.12, 0.32,OK,OK,OK,OK,OK,,,,,,,,,01,
4590,000344,2023/10/28 09:15:54,1, 1.04,OK,OK, 1.08,OK,OK,34.87, 0.00,,, 6.00, 0.32,OK,OK,OK,OK,OK,,,,,,,,,02,
4590,000345,2023/10/28 09:16:28,1, 0.96,OK,OK, 1.05,OK,OK,34.80, 0.02,,, 6.01, 0.32,OK,OK,OK,OK,OK,,,,,,,,,01,
4590,000346,2023/10/28 09:17:00,1, 0.99,OK,OK, 1.08,OK,OK,34.75, 0.03,,, 6.00, 0.33,OK,OK,OK,OK,OK,,,,,,,,,02,
4590,000347,2023/10/28 09:17:42,1, 1.00,OK,OK, 1.03,OK,OK,34.86, 0.03,,, 6.02, 0.32,OK,OK,OK,OK,OK,,,,,,,,,01,
4590,000348,2023/10/28 09:18:21,1, 1.02,OK,OK, 1.03,OK,OK,34.87, 0.02,,, 6.01, 0.32,OK,OK,OK,OK,OK,,,,,,,,,02,
4590,000349,2023/10/28 09:18:41,1, 1.02,OK,OK, 1.03,OK,OK,34.86, 0.00,,, 6.02, 0.35,OK,OK,OK,OK,OK,,,,,,,,,01,
4590,000350,2023/10/28 09:19:24,1, 1.01,OK,OK, 1.08,OK,OK,34.78, 0.02,,, 6.03, 0.35,OK,OK,OK,OK,OK,,,,,,,,,02,
4590,000351,2023/10/28 09:19:56,1, 0.96,OK,OK, 1.00,OK,OK,34.80, 0.00,,, 6.06, 0.33,OK,OK,OK,OK,OK,,,,,,,,,01,
4590,000352,2023/10/28 09:20:26,1, 1.03,OK,OK, 1.10,OK,OK,34.81, 0.03,,, 6.05, 0.32,OK,OK,OK,OK,OK,,,,,,,,,02,
4590,000353,2023/10/28 09:20:57,1, 1.02,OK,OK, 1.08,OK,OK,34.86, 0.00,,, 6.02, 0.30,OK,OK,OK,OK,OK,,,,,,,,,01,
4590,000354,2023/10/28 09:21:27,1, 0.99,OK,OK, 1.06,OK,OK,34.81, 0.02,,, 6.00, 0.32,OK,OK,OK,OK,OK,,,,,,,,,02,
4590,000355,2023/10/28 09:21:57,1, 1.00,OK,OK, 1.17,OK,OK,34.77, 0.02,,, 6.02, 0.32,OK,OK,OK,OK,OK,,,,,,,,,01,
4590,000356,2023/10/28 09:22:30,1, 1.03,OK,OK, 1.08,OK,OK,34.81, 0.00,,, 6.02, 0.32,OK,OK,OK,OK,OK,,,,,,,,,02,
4590,000357,2023/10/28 09:23:02,1, 1.03,OK,OK, 1.18,OK,OK,34.86, 0.05,,, 6.03, 0.30,OK,OK,OK,OK,OK,,,,,,,,,01,
4590,000358,2023/10/28 09:23:32,1, 0.97,OK,OK, 1.02,OK,OK,34.93, 0.02,,, 6.03, 0.32,OK,OK,OK,OK,OK,,,,,,,,,02,
4590,000359,2023/10/28 09:24:09,1, 1.01,OK,OK, 1.04,OK,OK,34.86, 0.00,,, 6.09, 0.30,OK,OK,OK,OK,OK,,,,,,,,,01,
4590,000360,2023/10/28 09:24:39,1, 0.99,OK,OK, 1.05,OK,OK,34.93, 0.02,,, 6.01, 0.38,OK,OK,OK,OK,OK,,,,,,,,,02,
4590,000361,2023/10/28 09:25:11,1, 0.96,OK,OK, 1.04,OK,OK,34.98, 0.02,,, 6.02, 0.30,OK,OK,OK,OK,OK,,,,,,,,,01,
4590,000362,2023/10/28 09:25:32,1, 1.00,OK,OK, 1.05,OK,OK,34.93, 0.00,,, 6.03, 0.35,OK,OK,OK,OK,OK,,,,,,,,,02,
4590,000363,2023/10/28 09:26:08,1, 1.03,OK,OK, 1.10,OK,OK,34.95, 0.02,,, 6.01, 0.32,OK,OK,OK,OK,OK,,,,,,,,,01,
4590,000364,2023/10/28 09:26:40,1, 1.03,OK,OK, 1.13,OK,OK,34.90, 0.03,,, 6.02, 0.32,OK,OK,OK,OK,OK,,,,,,,,,02,
4590,000365,2023/10/28 09:27:01,1, 1.08,OK,OK, 1.18,OK,OK,34.77, 0.00,,, 6.01, 0.35,OK,OK,OK,OK,OK,,,,,,,,,01,
4590,000366,2023/10/28 09:27:37,1, 1.05,OK,OK, 1.09,OK,OK,34.78, 0.02,,, 6.02, 0.32,OK,OK,OK,OK,OK,,,,,,,,,02,
4590,000367,2023/10/28 09:28:09,1, 0.97,OK,OK, 1.11,OK,OK,34.86, 0.00,,, 6.02, 0.30,OK,OK,OK,OK,OK,,,,,,,,,01,
4590,000368,2023/10/28 09:28:39,1, 1.03,OK,OK, 1.09,OK,OK,34.78, 0.02,,, 6.02, 0.35,OK,OK,OK,OK,OK,,,,,,,,,02,
4590,000369,2023/10/28 09:29:09,1, 0.97,OK,OK, 1.02,OK,OK,34.89, 0.03,,, 6.02, 0.32,OK,OK,OK,OK,OK,,,,,,,,,01,
4590,000370,2023/10/28 09:29:42,1, 1.05,OK,OK, 1.08,OK,OK,34.81, 0.00,,, 6.01, 0.35,OK,OK,OK,OK,OK,,,,,,,,,02,
4590,000371,2023/10/28 09:30:02,1, 1.05,OK,OK, 1.22,OK,OK,34.77, 0.03,,, 6.01, 0.30,OK,OK,OK,OK,OK,,,,,,,,,01,
4590,000372,2023/10/28 09:30:26,1, 1.02,OK,OK, 1.11,OK,OK,34.87, 0.03,,, 6.03, 0.33,OK,OK,OK,OK,OK,,,,,,,,,02,
4590,000373,2023/10/28 09:30:49,1, 0.99,OK,OK, 1.01,OK,OK,34.95, 0.02,,, 6.01, 0.32,OK,OK,OK,OK,OK,,,,,,,,,01,
4630,000000,2023/10/28 09:40:28,4, 1.14,OK,OK, 2.33,OK,OK,22.02,-0.22,,, 6.09, 0.40,OK,OK,OK,OK,OK,,,,,,,,,02,
4630,000000,2023/10/28 09:41:01,4, 0.93,OK,OK, 2.38,OK,OK,22.25,-0.53,,, 6.06, 1.55,OK,OK,OK,OK,OK,,,,,,,,,01,
4630,000000,2023/10/28 09:42:26,4, 1.09,OK,OK, 2.40,OK,OK,20.29,-0.12,,, 6.03, 0.38,OK,OK,OK,OK,OK,,,,,,,,,02,
4630,000000,2023/10/28 09:43:17,4, 1.11,OK,OK, 2.36,OK,OK,20.27,-0.10,,, 6.16, 0.40,OK,OK,OK,OK,OK,,,,,,,,,02,
4630,000001,2023/10/28 09:44:12,1, 1.01,OK,OK, 2.59,OK,OK,20.23,-0.07,,, 6.04, 0.38,OK,OK,OK,OK,OK,,,,,,,,,02,
4630,000002,2023/10/28 09:44:25,1, 0.88,OK,OK, 2.58,OK,OK,20.19,-0.15,,, 6.03, 0.35,OK,OK,OK,OK,OK,,,,,,,,,01,
4630,000003,2023/10/28 09:44:53,1, 0.92,OK,OK, 2.66,OK,OK,20.21,-0.12,,, 6.10, 0.43,OK,OK,OK,OK,OK,,,,,,,,,02,
4630,000004,2023/10/28 09:45:13,1, 1.00,OK,OK, 2.45,OK,OK,20.39,-0.25,,, 6.03, 0.35,OK,OK,OK,OK,OK,,,,,,,,,01,
4630,000005,2023/10/28 09:45:42,1, 0.82,OK,OK, 2.66,OK,OK,20.23,-0.10,,, 6.05, 0.35,OK,OK,OK,OK,OK,,,,,,,,,02,
4630,000006,2023/10/28 09:46:43,1, 0.72,OK,OK, 2.74,OK,OK,20.15,-0.05,,, 6.04, 0.33,OK,OK,OK,OK,OK,,,,,,,,,01,
4630,000007,2023/10/28 09:47:07,1, 0.91,OK,OK, 2.58,OK,OK,20.14,-0.10,,, 6.02, 0.38,OK,OK,OK,OK,OK,,,,,,,,,02,
4630,000008,2023/10/28 09:47:31,1, 0.84,OK,OK, 2.61,OK,OK,20.21,-0.05,,, 6.10, 0.32,OK,OK,OK,OK,OK,,,,,,,,,01,
4630,000009,2023/10/28 09:47:55,1, 0.71,OK,OK, 2.69,OK,OK,20.25,-0.05,,, 6.01, 0.40,OK,OK,OK,OK,OK,,,,,,,,,02,
4630,000010,2023/10/28 09:48:19,1, 0.83,OK,OK, 2.70,OK,OK,20.23,-0.10,,, 6.03, 0.32,OK,OK,OK,OK,OK,,,,,,,,,01,
4630,000011,2023/10/28 09:48:56,1, 0.80,OK,OK, 2.74,OK,OK,20.14,-0.05,,, 6.01, 0.38,OK,OK,OK,OK,OK,,,,,,,,,02,
4630,000012,2023/10/28 09:49:29,1, 1.08,OK,OK, 2.45,OK,OK,20.23,-0.05,,, 6.04, 0.38,OK,OK,OK,OK,OK,,,,,,,,,01,
4630,000013,2023/10/28 09:49:50,1, 0.82,OK,OK, 2.57,OK,OK,20.16,-0.10,,, 6.02, 0.38,OK,OK,OK,OK,OK,,,,,,,,,02,
4630,000014,2023/10/28 09:50:14,1, 0.80,OK,OK, 2.67,OK,OK,20.23,-0.05,,, 6.01, 0.32,OK,OK,OK,OK,OK,,,,,,,,,01,
4630,000015,2023/10/28 09:50:38,1, 0.73,OK,OK, 2.76,OK,OK,20.21,-0.03,,, 6.05, 0.35,OK,OK,OK,OK,OK,,,,,,,,,02,
4630,000016,2023/10/28 09:51:02,1, 0.74,OK,OK, 2.72,OK,OK,20.25,-0.08,,, 6.11, 0.30,OK,OK,OK,OK,OK,,,,,,,,,01,
4630,000017,2023/10/28 09:51:27,1, 0.73,OK,OK, 2.63,OK,OK,20.25,-0.05,,, 6.03, 0.35,OK,OK,OK,OK,OK,,,,,,,,,02,
4630,000018,2023/10/28 09:51:51,1, 0.78,OK,OK, 2.73,OK,OK,20.27,-0.10,,, 6.01, 0.32,OK,OK,OK,OK,OK,,,,,,,,,01,
4630,000019,2023/10/28 09:52:15,1, 0.96,OK,OK, 2.54,OK,OK,20.29,-0.12,,, 6.00, 0.40,OK,OK,OK,OK,OK,,,,,,,,,02,
4630,000020,2023/10/28 09:52:39,1, 1.03,OK,OK, 2.53,OK,OK,20.25,-0.05,,, 6.02, 0.40,OK,OK,OK,OK,OK,,,,,,,,,01,
4630,000021,2023/10/28 09:53:03,1, 1.01,OK,OK, 2.58,OK,OK,20.16,-0.02,,, 6.02, 0.38,OK,OK,OK,OK,OK,,,,,,,,,02,
4630,000022,2023/10/28 09:53:37,1, 0.92,OK,OK, 2.41,OK,OK,20.21,-0.10,,, 6.09, 0.42,OK,OK,OK,OK,OK,,,,,,,,,01,
4630,000023,2023/10/28 09:54:08,1, 0.89,OK,OK, 2.60,OK,OK,20.21,-0.10,,, 6.05, 0.35,OK,OK,OK,OK,OK,,,,,,,,,02,
4630,000024,2023/10/28 09:54:29,1, 0.96,OK,OK, 2.60,OK,OK,20.21,-0.12,,, 6.03, 0.35,OK,OK,OK,OK,OK,,,,,,,,,01,
4630,000025,2023/10/28 09:54:53,1, 0.87,OK,OK, 2.65,OK,OK,20.43,-0.28,,, 6.03, 0.32,OK,OK,OK,OK,OK,,,,,,,,,02,
4630,000026,2023/10/28 09:55:17,1, 1.06,OK,OK, 2.56,OK,OK,20.23,-0.10,,, 6.03, 0.38,OK,OK,OK,OK,OK,,,,,,,,,01,
4630,000027,2023/10/28 09:55:41,1, 1.00,OK,OK, 2.54,OK,OK,20.33,-0.10,,, 6.02, 0.38,OK,OK,OK,OK,OK,,,,,,,,,02,
4630,000028,2023/10/28 09:56:17,1, 0.82,OK,OK, 2.80,OK,OK,20.33,-0.10,,, 6.05, 0.38,OK,OK,OK,OK,OK,,,,,,,,,01,
4630,000029,2023/10/28 09:56:50,1, 1.10,OK,OK, 2.45,OK,OK,20.25,-0.12,,, 6.08, 0.35,OK,OK,OK,OK,OK,,,,,,,,,02,
4630,000030,2023/10/28 09:57:11,1, 0.97,OK,OK, 2.45,OK,OK,20.29,-0.08,,, 6.01, 0.38,OK,OK,OK,OK,OK,,,,,,,,,01,
4630,000031,2023/10/28 09:57:35,1, 0.97,OK,OK, 2.48,OK,OK,20.23,-0.07,,, 6.02, 0.35,OK,OK,OK,OK,OK,,,,,,,,,02,
4630,000032,2023/10/28 09:57:59,1, 0.75,OK,OK, 2.66,OK,OK,20.23,-0.03,,, 6.05, 0.33,OK,OK,OK,OK,OK,,,,,,,,,01,
4630,000033,2023/10/28 09:58:40,1, 1.03,OK,OK, 2.59,OK,OK,20.23,-0.07,,, 6.03, 0.35,OK,OK,OK,OK,OK,,,,,,,,,02,
